{"train": [2.2677362408352493, 2.1068031134831258, 2.0861758086380946, 2.077091039771795, 2.0719662822709752, 2.0686773290796086, 2.0663739644170764, 2.064654071699625, 2.063306257488261, 2.062210797091698, 2.0612952866865335, 2.060512881070189, 2.0598313157530743, 2.0592274504969224, 2.058684398597431, 2.058189758346803, 2.057734373321056, 2.0573114525323684, 2.056915839406611, 2.056543567544973], "val": [2.1445789503794845, 2.1182132081318925, 2.1097506710919003, 2.105906407358826, 2.103888461025812, 2.1027339482179253, 2.1020317279523417, 2.1015825377356623, 2.1012823671422978, 2.101072870595481, 2.1009192159098964, 2.1007998262041356, 2.1007008978756527, 2.100613837601036, 2.1005334844512324, 2.10045692997594, 2.100382687263591, 2.100309944921924, 2.1002383039843653, 2.100167732725861]}